product_name,brands,price
Pistachios,Gigaclub,212.36
Herbal Tea Set,Plambee,494.84
Outdoor Adventure Kit,Twitterwire,778.16
Elegant Lace Dress,Realfire,774.92
Leather Crossbody Bag,Kanoodle,992.57
Veggie Burger Patties,Youspan,881.84
Chocolate Protein Powder,Myworks,110.51
Electric Wax Warmer,Eabox,672.85
Throw Pillow Covers,Dynabox,166.91
Thai Peanut Noodles,Gabspot,790.14
Chocolate Chip Energy Balls,Skilith,962.41
Personal Safety Alarm,Leexo,592.31
Veggie Lovers Pizza,Kare,920.98
Honey BBQ Riblets,Demivee,248.69
Hair Dryer,Edgeclub,549.39
Magnetic Whiteboard,Browsetype,669.47
Harvest Grain Salad,Fivespan,197.6
Gingerbread House Kit,Tagcat,951.65
Overnight Duffle Bag,Riffwire,396.75
Smoked Paprika,Centizu,996.74
Kombucha Drink,Trudoo,672.55
Vegetable Spring Rolls,Flipopia,191.34
Maple Bacon Popcorn,Jayo,810.18
Bamboo Utensil Holder,Snaptags,703.42
Electric Heating Pad,Linkbridge,393.63
Cacao Nibs,Fivechat,163.63
Hibiscus Tea Bags,Rhyzio,433.09
Workstation Laptop Stand,Ailane,672.27
Homemade Salsa,Trudeo,125.22
Almond Milk Yogurt,Wordify,694.61
Adjustable Pet Grooming Table,Reallinks,88.37
Suction Cup Hooks,Jatri,239.02
Peach Fruit Cups,Digitube,61.08
Heat-Resistant Silicone Mat,Meevee,660.33
Sculpting Kit,Kayveo,155.15
Baked Mac and Cheese,Trunyx,238.38
Spice Rack,Vinder,830.08
Honey mustard chicken tenders,Eire,274.02
Scented Candle Set,Devpulse,554.0
Spinach and Cheese Quiche,Katz,704.02
Electric Opener for Jars and Bottles,Shuffledrive,789.9
French Bread,Topiclounge,357.95
Chocolate Almond Milk,Centizu,84.03
Chic Ankle Strap Heels,Kwideo,336.53
Garlic Breadsticks,Fatz,39.66
Satin Slip Dress,Kwilith,665.03
Solar Power Bank,Lazzy,90.25
Black Bean Spaghetti,Eadel,741.16
Smartphone Hand Grip,Jabbersphere,448.42
Whole Grain Cereal,Quatz,958.46
Vegetable Samosas,Yodel,527.39
Butternut Squash Ravioli,Voonte,945.4
Stainless Steel Water Bottle,Wikido,117.63
Electric Stir Fry Pan,Flashspan,868.13
Inflatable Pool Float,Lazzy,321.49
Pumpkin Spice Coffee,Divape,123.82
Ricotta Cheese,Kanoodle,943.03
Set of Silicone Baking Molds,Yodo,387.54
Blueberry Oatmeal Cups,Meevee,292.39
LED Strip Lights Kit,Brainbox,752.2
Fashionable Scarves Set,Topicstorm,163.61
Glass Food Containers,Tagcat,961.1
Pepperoni Pizza Rolls,Feednation,497.2
Pressure Washer Accessories Kit,Oba,933.33
Self-Cleaning Water Bottle,Rhyzio,949.17
Maple Pecan Granola,Mybuzz,424.77
Garden Hoses with Expandable Features,Topdrive,698.67
Folding Backpack Chair,Gigazoom,416.63
Toilet Paper (12 rolls),Oodoo,187.56
A-Line Skirt,Katz,84.49
Portable Leaf Blower,Pixoboo,675.54
Cabbage,Vipe,473.41
Elegant Lace Dress,Photojam,668.62
Multi-Purpose Plant Care Tool,Katz,955.71
Teriyaki Chicken Wings,BlogXS,785.46
Sesame Garlic Stir-Fry Sauce,Shuffledrive,42.32
Kale & Quinoa Salad Mix,Tagtune,14.09
Sourdough Bread,Thoughtbeat,376.53
Balsamic Vinaigrette,Yotz,491.07
Zucchini Noodles,Jabbersphere,482.13
Chiffon Blouse,Gigashots,842.24
Weighted Jump Rope with Counter,Skyba,337.35
Non-Stick Crepe Pan,Ainyx,687.68
Basketball,Photobug,505.97
Electric Razor,Janyx,792.12
Non-Stick Grill Mat,Zooxo,923.57
Cocktail Shaker and Mixing Glass Set,Gabtune,574.9
Garden Vegetable Soup,Dabjam,79.69
Caramelized Onion Dip Mix,Oyoloo,228.43
Lemon Zest Olive Oil,Jatri,582.27
Sooji (Semolina),Feedfish,22.27
LED Flashing Pet Collar,Jabberstorm,24.33
Crispy Tofu Bites,Leenti,906.93
Car Windshield Sun Shade,Dabjam,950.29
Computer Monitor Stand,Kwideo,515.73
Fresh Strawberries,Shufflebeat,59.09
Pet Travel Bowl,Rhybox,196.65
Over-The-Door Shoe Organizer,Roomm,607.89
Cranberry Almond Biscotti,Voomm,115.76
Beef Stroganoff Meal Kit,Brainsphere,595.48
Ginger Turmeric Latte Mix,Edgeclub,866.63
Pumpkin Pancake Mix,Dabvine,528.3
Ramen Noodle Soup Cups,Jayo,922.64
Cinnamon Sugar Donuts,Yakidoo,871.85
Wireless Security Camera,Kazu,685.66
Sweet Potato and Chickpea Bowl,Kwimbee,316.68
Rain Jacket,Dynazzy,168.57
Steak Seasoning Rub,Leexo,634.9
Plant-Based Meal Prep Containers,Ailane,792.09
Cucumber Lime Sparkling Water,Buzzshare,616.86
Pet Leash,Ooba,983.84
Smart Thermostat,Browsebug,40.09
Striped Long Sleeve Shirt,Camimbo,973.6
Travel Pillow with Memory Foam,Skinte,765.98
Mobile Workbench,Fliptune,144.09
Sweet and Spicy Barbecue Sauce,Topiclounge,457.14
Dog Frisbee Toy,Innojam,185.34
Vegetable Stir-Fry Sauce,Eabox,257.24
First Aid Kit,Plajo,764.6
Chicken Parmesan Dinner Kit,Rhybox,976.11
Spicy BBQ Sauce,Kwilith,598.08
Car Emergency Kit,Bubblemix,583.11
Pineapple Rings,Edgewire,480.13
Travel Size Toiletry Bottles,Yakitri,245.4
Inflatable Pool Float,Jaxspan,371.92
Lasagna Noodles,Realblab,549.47
Electric Nail File Kit,Kwimbee,751.72
Sustainable Wooden Toys,Skipstorm,475.81
Organic Coconut Oil,Blogspan,771.65
DIY Candle Kit,Blogtag,731.59
Maple Pecan Granola,Innotype,38.99
Classic Pesto Sauce,Jabbersphere,916.18
Almond Flour Bread Mix,Devcast,566.26
Chipotle Seasoning Blend,Lajo,561.66
Coffee Grinder,Mycat,954.99
Sweet Potato Tots,Meemm,606.99
Almond Flour Biscuits,Voonte,23.24
Organic Italian Seasoning,Layo,678.83
Wooden Toy Train Set,Skiba,698.4
Sliced Olives,Twitterworks,212.79
Warm Wool Sweater,Quamba,124.29
Adjustable Resistance Bands,Skynoodle,903.83
Cinnamon Spiced Almonds,Twinte,485.26
Artisan Bread Loaf,Brainverse,39.52
Reusable Coffee Filter,Roomm,887.09
Pet Activity Tracker,Roomm,738.77
Sweet Potatoes,Rhynoodle,850.24
Adjustable Stand for Tablets and Smartphones,Quaxo,43.5
Veggie Chips Variety Pack,Skibox,478.76
Garlic Parmesan Roasted Nuts,Shufflester,427.64
Granola Clusters,Tagpad,585.48
Miso Soup Mix,Oyondu,686.88
Almond Milk Yogurt,Geba,630.47
Underwater Camera,Jetpulse,287.81
Rice Cakes,Yoveo,871.74
Chocolate Chip Pancake Mix,Agimba,553.72
Herb Seasoned Rice,Oozz,966.92
LED Canopy Lights,Zooveo,325.07
Avocado Lime Dressing,Roodel,962.7
Thai Coconut Curry Sauce,Dablist,994.84
Multi-Purpose Scissors,Meezzy,565.87
Miso Dressing,Flipstorm,920.26
Honey Sesame Chicken Mix,Youfeed,909.17
Pear and Gorgonzola Salad,Quimm,317.55
Fitness Balance Ball,Abata,393.27
Electric Pressure Cooker,Skinder,753.95
Teriyaki Tofu Stir-Fry,Bluejam,405.71
Sweet Potato and Chickpea Bowl,Skynoodle,193.34
Chocolate Avocado Pudding,Plambee,333.26
Casual Long Cardigan,Oodoo,395.5
Self-Adhesive Wallpaper,Oyope,488.74
Trail Mix (Deluxe),Tagopia,648.9
Sweet Potatoes (organic),Skipfire,358.83
Wooden Children's Play Kitchen,Gigazoom,308.69
Compressed Towel Tablets,Blogtag,98.0
Couscous,Yakidoo,854.27
Wireless HDMI Receiver,Zoomzone,703.12
Crafting Kit,Katz,353.86
Kids' Gardening Tools Set,Skynoodle,669.17
Gardening Fairy Figurines,Realbridge,22.94
DIY Lip Balm Kit,Meeveo,755.34
Pet Water Fountain,Gabtune,241.39
Fitness Jump Rope with LCD Counter,Tagchat,197.18
Italian Sausage and Peppers,Browsedrive,171.33
Spicy Thai Coconut Soup,Meevee,509.39
Chocolate Peanut Butter Cups,Flashpoint,556.68
Smart Doorbell,Twimbo,185.82
Mesh Laundry Bags Set,Yambee,239.33
Portable Air Purifier,Jabbersphere,16.45
Blackberry Jam,Vitz,170.05
Cotton Tote Bag Set,Voolia,633.36
Car Diagnostic Scanner,Edgewire,64.06
Pet Travel Carrier,Dabtype,810.2
Heart-Shaped Baking Molds,Trilia,357.98
Bamboo Charcoal Air Purifier Bags,Quimm,353.06
Wireless Earbuds,Gabtune,457.48
Vegan Chocolate Cake Mix,Yozio,174.09
Belted Trench Coat,Edgeify,113.98
Hiking Water Bottle with Filter,Photobug,373.61
Decorative LED Neon Sign,Oloo,573.35
Himalayan Salt Grinder,Browsetype,50.15
Caramelized Onion Dip,Fiveclub,84.93
Wooden Blocks,Browsetype,793.7
Chocolate Hazelnut Granola,Gabcube,545.61
Frozen Berry Blend,Livetube,111.68
Wireless Printer,Buzzbean,980.77
Stylish Wide-Leg Trousers,Latz,712.72
Portable UV Sterilizer,Divanoodle,472.86
Tailgating Set,Youspan,921.83
Sweet Pea Hummus,Cogibox,372.13
Smart Home Security Camera,Jatri,979.75
Patterned Knit Scarf,Oyoyo,291.5
Plant-Based Protein Bars,Mydo,611.36
Wall-Mounted Organizer,Rooxo,201.99
Sliced Ham,Tagchat,999.82
Gardening Gloves,Zoonder,807.19
Herb Seasoned Croutons,Meemm,388.56
Peanut Butter Protein Balls,Pixope,900.54
Electric Bike,Brightdog,845.41
Heated Throw Blanket,Zoombox,846.1
Breathable Face Mask Set,Youfeed,302.88
Mini Meatballs,Eabox,675.81
Blender Bottle,Meetz,696.26
Water-Resistant Bluetooth Speaker,Youfeed,986.17
Whole Grain Hamburger Buns,Gigaclub,183.0
Noise-Canceling Headphones,Realfire,252.52
Frozen Fruit Medley,Babblestorm,220.33
Fruit and Nut Medley,Mudo,413.79
Smartphone UV Sanitizer,Gigaclub,16.61
Black Bean & Corn Salad,Devbug,55.12
Portable Pet Bathing Tool,Yodel,989.14
Thai Peanut Dressing,Thoughtstorm,817.75
Lentil Pasta,Dabfeed,532.06
Cable Knit Beanie,Dynabox,910.69
Zesty Garlic Marinade,Lajo,694.82
Repair Tool Set for Home Improvement,Skimia,448.7
Smartphone Photography Tripod,Twitterbeat,126.84
Watering Can with Nozzle,Trudoo,93.94
Chickpea Salad Deluxe,Fanoodle,896.3
Chocolate Mint Protein Shake,Feedbug,935.82
Weighted Jump Rope with Counter,Tavu,726.63
Multi-Cooker,Youopia,23.22
Chicken Fajita Kit,Wordpedia,803.79
Grass Fed Beef Patties,Aivee,657.54
Herb Seasoned Couscous,Dabfeed,150.93
Sliced Bell Peppers,Plajo,573.95
Outdoor Folding Table,Kamba,988.79
Comfy Slippers,Avamm,287.8
Self-Inflating Camping Mattress,Skimia,271.54
Legging Pants,Browsezoom,868.55
Electric Nail File Kit,Meejo,725.07
Smartphone Stand,Skimia,880.52
Frozen Berry Medley,Skinix,464.14
Artisan Bread Loaf,Tazzy,44.51
Smart Home Hub,Tagopia,379.7
Bamboo Bathtub Caddy,Photobug,529.58
Safety First Aid Kit,Abata,4.43
Nut Butter Cups,Fivechat,767.29
Nut Mix,Browsezoom,400.62
Luxury Memory Foam Mattress Topper,Eire,858.94
Chili Beans in Sauce,Rhyzio,764.72
Pumpkin Spice Coffee,Wordtune,142.79
Wooden Children's Play Kitchen,Devbug,5.9
Set of Measuring Spoons,Zoombox,477.72
Personal Security Alarm Keychain,Fiveclub,697.49
Almond Quinoa Salad,Jabbersphere,775.73
Caramel Sauce,Quimba,620.71
Chocolate Avocado Pudding,Npath,582.43
Frozen Acai Bowl,DabZ,986.16
Chocolate Chip Cookie Mix,Yambee,146.02
Spicy Salsa Verde,Linkbridge,277.98
Hiking Water Bottle with Filter,Brainbox,708.11
Vegan Tacos,Ntag,878.7
Paint By Numbers Kit,Blogspan,706.04
Electric Hot Water Dispenser,Devpoint,466.04
Pet Camera with Treat Dispenser,Twitterbridge,898.3
Basil Pesto Pasta,Tanoodle,232.44
Buffalo Wing Sauce,Kanoodle,659.96
Maple Oatmeal,Podcat,204.31
Fishing Rod,Skajo,19.22
Sesame Garlic Stir-Fry Sauce,Yoveo,324.89
Organic Whole Wheat Flour,Blogtags,117.62
Peach Salsa,Photofeed,904.15
Smartphone Gimbal,Latz,69.44
Suede Ankle Booties,Snaptags,380.4
Pistachio Ice Cream,Youtags,450.37
Glass Food Containers,Livetube,614.1
Smashed Avocado with Lime,Tanoodle,946.94
Pistachio Ice Cream,Pixoboo,768.23
Mesh Sports Leggings,Centimia,423.81
Luxe Velvet Blazer,Tanoodle,865.29
Chino Shorts,Topicstorm,882.08
Zesty Garlic Hummus,Oodoo,514.59
Lemon Dill Salmon,Brightbean,426.21
Chia Seed Pudding,Teklist,530.6
Laptop Stand,Jazzy,683.81
Chocolate Raspberry Tart,Jaxbean,536.18
Multicolored LED Strip Lights,Feedbug,542.73
Beef Stroganoff Meal Kit,Dabvine,337.77
Frozen Pizza,Skinder,545.37
Portable Massage Gun,Kazio,523.33
Wireless Charger Stand,Wikivu,282.5
Pepperoni Pizza Rolls,Avavee,42.42
Herb Seasoned Rice,Bubblebox,732.76
Air Fryer,Photolist,930.33
Honey Mustard Sauce,Trilith,846.79
Maple Breakfast Sausage,Topiczoom,946.65
Teriyaki Chicken Bowl,Tekfly,614.32
Pumpkin Spice Creamer,Browsetype,295.8
Magnetic Chess Set,Voonyx,910.86
Baked Mac and Cheese,Livetube,543.38
Electric Stool Heater,Tagcat,409.69
Cinnamon Apple Sauce,Photojam,836.02
Under Desk Footrest,Yozio,426.13
Garlic Parmesan Roasted Potatoes,Rhycero,929.33
Silicone Stretch Lids,Eamia,914.8
Maple Pecan Granola,Roomm,887.33
Mini Projector,Feednation,366.72
Balsamic Vinegar,Devbug,555.55
Classic Pesto Sauce,Wikizz,388.22
Electric Can Opener,Yotz,432.27
Compact Portable Grill,Divape,304.23
Portable Air Compressor,Katz,37.82
Sweet Potato Noodles,Wordpedia,910.76
Digital Camera,Ailane,438.27
Heated Throw Blanket,Roodel,65.58
Wooden Toy Train Set,Thoughtworks,757.92
Digital Voice Recorder,Demivee,211.26
Classic Black Dress,Mycat,648.07
Black Bean Spaghetti,Flashset,668.22
Dog Frisbee Toy,Babbleblab,912.72
Creamy Ranch Dressing,Voonyx,981.64
Sun Protection Clothing,Feedspan,752.11
Sports Bottle,Voonyx,916.56
Cranberry Orange Juice,Shufflester,423.76
Brazil Nuts,Skinix,288.48
Sweet Potato Chips,Livepath,143.61
Indoor Grill,Centidel,204.12
Sea Salt Caramel Popcorn,Agivu,741.54
Baby Monitor,Jetpulse,982.26
Infrared Thermometer,Skyble,801.68
Active Racerback Tank,Abatz,707.62
Personal Blender with Cups,Gabtune,447.51
Portable Hand Warmer,Feedfish,788.64
Baked Mac and Cheese,Devshare,439.17
Garlic Parmesan Roasted Potatoes,Dynabox,522.28
Sea Salt Tortilla Chips,Brightdog,295.46
Insulated Coffee Mug,Twitterbridge,969.28
Organic Black Bean Burger,Demimbu,184.38
Adjustable Garden Rake,Lazzy,170.43
Vegetable Broth,Blogspan,314.11
Cable Knit Cardigan,Jayo,45.78
Kettle BBQ Grill,Skinix,632.43
Herb Seasoned Rice,Meevee,327.19
USB-C Hub,Kazio,488.38
Almond Flour Brownies,Thoughtsphere,836.29
Adjustable Stand for Tablets and Smartphones,Shuffledrive,741.71
Tactical Backpack,Realcube,907.81
Faux Leather Leggings,Flipbug,441.18
Chickpea Salad Deluxe,Realcube,817.81
Almond Flour Pizza Crust,Yozio,3.51
Crispy Tofu Bites,Mymm,868.67
Peach Yogurt,Dabtype,254.48
Crispy Chickpeas,Devbug,551.1
Tattoo Kit,Cogidoo,418.6
Chocolate Mint Protein Shake,Topiczoom,109.71
Memory Foam Mattress Topper,Browseblab,514.44
Herbed Goat Cheese,Kare,770.99
Pet Tracking Collar,Kanoodle,494.85
Diced Tomatoes (canned),Centizu,92.92
Set of Gardening Gloves with Claws,Centidel,977.92
Magnetic Spice Jars,Eadel,857.96
Patterned Knit Scarf,Devbug,531.77
Fitness Resistance Bands Set,Yombu,998.21
Pesto Pasta Salad,Aimbu,623.53
Pineapple Salsa,Vidoo,226.35
Savory Breakfast Sausage,Youspan,533.07
Safety First Aid Kit,Tagopia,563.4
Robot Vacuum Cleaner,Jaxbean,444.28
Portable Charcoal Grill,Buzzster,888.49
Smartphone Gimbal Stabilizer,Mydo,836.91
Ramen Noodles,Wikibox,985.48
Sriracha Honey Glaze,Fatz,59.34
Wireless Charging Pad,Blogspan,711.32
Motion Sensor Light,Wordware,825.07
Portable Air Purifier,Kwilith,146.0
Dog Collar,Reallinks,564.82
Almond Butter Cups,Yozio,671.76
Car Phone Mount,Babbleset,790.77
Vegan Tacos,Realpoint,725.89
Cold Brew Coffee Concentrate,Livepath,618.25
Multi-Function Smartphone Holder,Feedfish,8.1
Collapsible Folding Chair,Kwideo,937.44
Handmade Leather Journal,Twitternation,652.68
Savory Oats,Oodoo,991.84
Cotton Sweatpants,Browsetype,61.4
Fitness Resistance Bands Set,Youtags,48.34
Fitness Tracker Watch,Linkbuzz,154.92
Organic Green Apples,Kwilith,833.26
Fresh Cilantro,Voomm,101.38
Portable Pet Pooper Scooper,Flipopia,574.28
Gluten-Free Brownies,Buzzster,365.46
Almond Flour,Skibox,27.72
USB Flash Drive,Zooxo,630.91
Adjustable Window Blind,Babbleset,341.08
Fitbit Activity Tracker,Rooxo,964.66
Cauliflower Gnocchi,Rhynoodle,87.35
Essential White Button-Up,Pixonyx,379.36
Italian Breadsticks,Divape,267.85
Organic Coconut Oil,Jaxbean,27.2
Peanut Butter,Yamia,18.66
Chicken Broth,Yambee,901.43
Frozen Burritos,Feedfire,922.27
Board Game,Tagtune,951.04
Inflatable Party Cooler,Oyope,839.06
Pet Travel Backpack Carrier,Layo,352.58
Decorative Wall Tapestry,Mita,978.34
Lemon Dill Chicken Skewers,Abata,678.03
Honey BBQ Ribs,Vitz,806.14
Wooden Toy Train Set,Flashset,726.04
Honey Mustard Sauce,Voolith,972.17
French Onion Dip,Vitz,408.66
Sweet Potatoes,Jabbercube,608.78
Cordless Water Flosser,Photolist,716.05
Mediterranean Couscous,Jaxspan,829.28
Pumpkin Spice Granola,Viva,90.05
Pecan Nuts,Jabbertype,55.98
Noise Reduction Headphones,Brightbean,730.84
Puzzle Mat,Twitterlist,938.61
Chipotle Seasoning Blend,Jabbertype,32.85
Dog Car Seat Cover,Muxo,940.16
Digital Camera,Livepath,782.68
Oven Thermometer,Thoughtmix,723.68
Maple Pecan Granola,Dabjam,4.28
Savory Pumpkin Soup,Browsedrive,701.37
Vegan Tacos,Tazzy,875.22
Toasted Coconut Granola,Blogtag,690.97
Travel Orthopedic Pillow,Lazz,603.19
Outdoor Fire Pit,Ooba,158.53
Herbal Tea Variety Pack,Twiyo,51.32
Coconut Oil,Bubblebox,52.13
Vacuum Sealer Machine,Zoomzone,381.66
Travel Beach Blanket,Skyvu,135.93
Digital Camera,Realcube,563.45
Maple Almond Granola,Tekfly,414.34
Mediterranean Flatbread,Agivu,354.94
Pet Grooming Scissors,Voomm,338.51
Savory Rice Cakes,Feedmix,794.72
Chili Beans in Sauce,Mycat,84.99
Sunflower Seeds,Tagopia,901.71
Electric Toothbrush,Oyonder,958.76
Adjustable Bar Stools,Jetwire,503.2
Smart Plug,Skilith,926.12
Snack Container Set,Devcast,411.01
Teriyaki Sauce,Plambee,331.59
Spicy Snack Mix,Demimbu,987.77
Mint Chocolate Chip Ice Cream,Brainbox,827.32
Portable Camping Stove,Leexo,748.18
Portable Grill Cover,Thoughtbeat,291.24
Basil Tomato Soup,Yombu,693.07
Spicy Roasted Nuts,Skimia,437.89
Waterproof Rain Boots,Oyope,833.69
Eco-Friendly Notepad,Ailane,190.3
Beef Stew Meat,Skippad,861.57
Non-Stick Baking Sheets,Linkbridge,891.88
Pasta Portion Control Measure,Zooveo,482.84
Cinnamon Sugar Mix,Blognation,900.14
Adjustable Stand for Tablets and Smartphones,Blogpad,896.22
Classic Baseball Cap,Kwimbee,32.31
Children's Musical Instrument Set,Vinte,845.86
Cabbage,Blognation,185.18
Frozen Edamame,Gevee,53.93
Digital Alarm Clock,Tazzy,42.83
Fire Roasted Salsa,Oba,250.53
Pet Waterer with Filtration,Zoozzy,448.91
Scented Candle Set,Fiveclub,841.01
Self-Massaging Pillow,Cogibox,69.82
Silicone Ice Cube Tray,Tagfeed,611.51
High-Speed Hand Blender,Feednation,928.69
Portable Charger with Solar Panel,Quaxo,567.95
Thai Coconut Curry Sauce,Vimbo,67.36
Travel Shoe Bags Set,Brainverse,96.43
Almond Quinoa Salad,Oozz,367.17
Electric Razor,DabZ,697.84
Roasted Garlic,Browsezoom,508.1
Scent Diffuser Oil,Kimia,172.36
Picnic Blanket,Browsezoom,810.35
Wireless Car Charger,Jabbersphere,471.57
Fried Rice,Katz,892.53
Wireless Charger Stand,Feedfish,921.6
DIY Lip Balm Making Kit,Reallinks,568.46
Fruit Infuser Water Bottle,Chatterpoint,502.15
Low-Fat Cottage Cheese,Layo,897.14
Zesty Garlic Marinade,Skyble,743.19
Chocolate Chip Energy Balls,Vidoo,235.63
Spinach Feta Wraps,Browseblab,12.53
Smoked Paprika,Chatterpoint,814.9
Noise Cancelling Ear Muffs,Oloo,822.22
Chicken Broth,Eadel,173.72
Slim Wallet,Jetwire,186.02
Set of Decorative Storage Bins,Zoombeat,691.73
Heavy-Duty Utility Tote,Kimia,959.48
Savory Oatmeal Cups,Zoombeat,383.97
Sweet Potato Chips,Minyx,805.08
LED Strip Lights Kit,Eabox,127.69
Sweet Potato Noodles,Dabvine,324.7
Adjustable Laptop Desk,Centidel,461.74
Underwater Camera,Oozz,130.73
Lightweight Travel Backpack,Bubbletube,22.56
Ground Turkey,Reallinks,973.72
Mushrooms,Edgepulse,815.07
Coconut Chia Pudding,Youfeed,358.09
Olive Oil,Blogtags,24.96
Graphic Sweatshirt,Thoughtstorm,836.42
Car Windshield Sun Shade,Katz,416.54
Frozen Hash Browns,Zava,589.4
Tailored Blazer,Cogidoo,490.31
Smashed Avocado with Lime,Topicware,717.68
Zucchini Noodles,Centizu,291.95
Caramel Apple Chips,Oyope,837.46
Electric Heat Pad,Blogpad,357.43
Rustic Italian Bread,Meevee,221.3
Hummus Variety Pack,Plambee,836.52
Plant Growing Kit,Yadel,444.81
Field Journal,Feedspan,509.39
Solar Charger,Izio,301.71
Portable Bluetooth Speaker,Fanoodle,440.89
Foot Massager Machine,Shuffletag,668.5
Non-Stick Baking Sheets,Twitterbeat,52.29
Chili Lime Shrimp,Divape,46.1
Collapsible Pet Dog Bowl,Innotype,945.33
Multi-Cooker,Fivespan,599.1
Sporty Cap,Dynava,428.53
Coconut Milk,Midel,110.39
Terry Cloth Robe,Centimia,715.23
Butternut Squash Ravioli,Aimbu,930.65
Blue Corn Tortilla Chips,Livetube,295.87
Digital Thermostat,Flashdog,727.54
Cotton Sweatpants,Chatterpoint,267.45
Honey Butter Popcorn,Linklinks,197.93
Kombucha Drink,Dablist,513.47
Apple Cinnamon Breakfast Muffins,Zoonoodle,486.58
Kale and Quinoa Salad,Rooxo,89.37
Multi-Tool,Riffpath,211.42
Air Purifier,Twiyo,653.69
Mediterranean Flatbread,Rhyloo,788.96
Wireless Earbud Silicone Covers,Einti,748.79
Digital Meat Thermometer,Oyoyo,848.84
Athletic Compression Tights,Blogpad,750.24
Outdoor Inflatable Pool,Voolia,595.66
Dog Training Whistle,Oyondu,443.72
Wine Glasses,Skinder,289.35
Mango Chili Salsa,Skivee,622.72
Apple Cinnamon Granola,Kayveo,158.16
Cookbook,Thoughtstorm,33.78
Himalayan Pink Salt,Fivebridge,831.64
Pet Travel Bed,Browseblab,691.75
Electric Meat Grinder,Kwideo,477.76
Toasted Coconut Granola,Centimia,297.53
Jennifer's Amazing Lip Balm Kit,Camido,810.74
Silicone Wine Glasses,Latz,517.46
Golf Putting Green,Bubbletube,356.46
Sous Vide Cooker,Shufflester,30.3
Car Sunshade,Twimm,263.1
Mashed Sweet Potatoes,Photobug,753.11
Window Bird Feeder,Thoughtstorm,330.18
Body Wash,Jamia,580.99
Lemon Sorbet,Youfeed,594.83
Honey Graham Crackers,Gigashots,642.92
Smartphone Projector Kit,Linktype,2.54
Electric Heat Press Machine,Chatterpoint,354.98
Decorative Throw Pillows,Feedfire,39.63
Backpack,Skinder,696.27
Water-Resistant Bluetooth Speaker,Jaloo,298.66
Teriyaki Sauce,Cogilith,466.21
Lentil Pasta,Blognation,179.11
Pepper Jack Cheese Slices,InnoZ,758.8
Creamy Avocado Dip,Flashspan,375.25
Smoky BBQ Jackfruit,Skinder,400.49
Spicy Garlic Edamame,Chatterbridge,800.67
Foam Building Blocks for Kids,Mydo,139.22
Ceramic Knife Set,Kwimbee,730.56
Athletic Jogging Jacket,Gabcube,151.79
Portable Bluetooth Headphones,Snaptags,405.31
Craft Beer Mustard,Oyonder,936.58
Jennifer's Amazing Lip Balm Kit,Leenti,491.2
Induction Cooktop,Twitterworks,156.97
Strawberry Rhubarb Jam,Meemm,502.82
Pasta (Linguine),Kaymbo,814.78
Eco-Friendly Stainless Steel Straws,Vipe,202.52
Handmade Leather Wallet,Omba,200.48
Spaghetti Squash,Oba,665.49
Gluten-Free Brownies,Photobug,659.4
Honey Roasted Almonds,Thoughtstorm,131.77
Body Wash,Feednation,905.03
Vegetable Pizza Rolls,Fadeo,383.93
Electric Toothbrush,Quamba,774.32
Kids' Building Blocks,Jaloo,289.68
Smartphone Tripod with Remote,Quatz,551.05
Pumpkin Spice Latte Mix,Edgeclub,949.03
Lemon Herb Chicken,Gigazoom,947.65
Mediterranean Couscous Salad,Youspan,500.63
Black Bean Salsa,Avamba,593.05
High-Waisted Skirt,Quatz,462.15
Reversible Swimming Pool Lounger,Photobean,242.32
Couscous Mix,Oyope,626.96
Fresh Cilantro,Oodoo,76.53
Maxi Wrap Dress,Einti,460.51
Weighted Jump Rope with Counter,Ntags,864.32
Feta Cheese,Dynabox,320.4
Sriracha Honey Glaze,Quimm,442.78
Biodegradable Phone Case,Avamm,779.46
Travel Mug with Leak-Proof Lid,Oyope,973.66
Hiking Boots,Fatz,449.82
Stainless Steel Grater,Oyoyo,302.78
Oatmeal Raisin Cookies,Ozu,31.42
Chilli Lime Corn on the Cob,Shufflester,802.79
Multi-Functional Rice Cooker,Tavu,921.37
Hot Salsa,Oyoloo,408.98
Customizable Photo Calendar,Dynava,22.19
Handheld Shower Head,Bubblebox,369.4
Sweet Corn Fritters,Zooveo,126.1
Cooking Utensil Set,Photobean,389.99
Magnetic Spice Jars,Skimia,604.77
Soft Plush Throw Blanket,Rhycero,58.86
Ice Cream Scoop,Jabbersphere,658.11
Electric Wine Opener,Babbleopia,984.87
Non-Stick Grill Pan,Jaxworks,906.81
Pesto Pasta Salad,Dabshots,894.06
Couscous Mix,Avamba,425.77
Rustic Italian Bread,Skivee,455.8
Lemon Herb Quinoa,Zoovu,663.15
Folding Pocket Knife,Feedbug,471.37
Artisan Cornbread Mix,Midel,316.51
Artisan Cornbread Mix,Nlounge,107.6
Wi-Fi Enabled Smart Light Switch,Jaxbean,688.99
Pressure Washer Accessories Kit,Quatz,47.03
Vegan Taco Seasoning,Browsebug,38.62
Silicone Ice Cube Tray,Jabbersphere,865.04
Red Lentil Pasta,Npath,817.41
Car Windshield Sun Shade,BlogXS,222.38
Honey Mustard Sauce,Realblab,204.02
Cranberry Lime Sparkling Water,Livetube,696.51
Weighted Blanket,Topdrive,233.99
Bodyweight Resistance Bands,Pixoboo,872.82
Cherry Almond Protein Bar,Vidoo,283.07
Spinach Pizza Rolls,Brainverse,387.01
Cinnamon Roll Dough,Brightbean,951.73
LED Flashlight,Blogtag,222.79
Chickpea Salad Deluxe,Voolith,119.15
Chocolate Fudge Ice Cream,Youtags,377.27
Oatmeal Raisin Cookies,LiveZ,810.59
Green Smoothie Mix,Photolist,830.09
Rechargeable Laptop Battery Pack,Wordpedia,275.87
Maple Bacon Potato Chips,Gigashots,905.22
Portable Laptop Table,Oba,108.54
Elegant Maxi Skirt,Shuffledrive,842.49
Tailored Dress Pants,Fadeo,219.59
Microfiber Cleaning Cloth Set,Zoomlounge,127.9
Cheese Stuffed Jalapenos,Gigabox,856.21
Cinnamon Raisin Bagels,Jabbercube,741.61
Spinach Artichoke Dip,Zazio,327.58
Acoustic Guitar,Blogspan,478.94
Art Supplies Organizer,Dynabox,545.15
Non-Toxic Crayons for Kids,Youopia,478.25
Organic Blueberries,Rhybox,377.28
Roasted Sweet Corn,Zazio,904.44
Chili Lime Seasoning,Divanoodle,341.17
Smashed Avocado with Lime,Yabox,355.4
Essential Oil Diffuser,Flashpoint,702.3
Water-Resistant Bluetooth Speaker,Quaxo,969.09
Stainless Steel Water Pitcher,Demimbu,850.0
Pet Carrier,Feedbug,539.47
Creamy Tomato Basil Soup,Dynabox,103.82
Water-Resistant Bluetooth Speaker,Jabbersphere,877.46
Bamboo Toothbrush Holder,Jabbersphere,939.36
Zesty Garlic Hummus,Jaxbean,514.98
Portable Phone Charger,Topicblab,983.88
Athletic Compression Tights,Livetube,441.3
Wireless Wi-Fi Extender,Voonder,197.8
Teriyaki Beef Strips,Yata,386.86
Travel Jewelry Case,Browsebug,394.8
Infrared Thermometer,Yombu,47.35
Maple Chipotle Glaze,Yata,161.49
Digital Photo Frame,Voonix,167.87
Over-the-Door Hooks,Zoombeat,10.75
Self-Cleaning Water Bottle,Meemm,725.33
Insulated Sport Tumbler,Tagpad,812.71
Almond Milk Yogurt,Realcube,818.73
Folding Table,Centidel,144.94
Sweet Potato Noodles,Yamia,472.18
Honey,Skipfire,136.68
Electric Nail File Kit,Flashpoint,539.97
Vegan Cheese,Tagcat,163.88
Pet Carrier Backpack,Kamba,719.54
Peach Halves (canned),Trupe,27.55
Watering Can with Nozzle,Browsebug,127.56
Granola Bars,Dabjam,165.96
Halloween Decoration Set,Omba,171.55
Breezy Off-The-Shoulder Top,Roodel,492.52
Biodegradable Phone Case,Linkbuzz,708.26
Wireless Charger,JumpXS,475.5
Dog Training Collar,Wordtune,755.51
Baby Safety Corner Guards,Izio,423.01
High-Speed HDMI Cable,Wordware,288.98
USB Flash Drive,Zava,225.56
Habanero Hot Sauce,Wordpedia,486.85
Veggie Lovers Pizza,Edgetag,736.6
Vegetarian Stuffed Peppers,Photobug,852.48
Grapes (red),Kwinu,160.17
Low-Fat Yogurt,Teklist,702.17
Portable Projector,Feedspan,46.87
Basmati Rice,Trudeo,565.85
Ramen Noodles,Leenti,47.4
Air Mattress,Quinu,724.03
Sweet Pea Hummus,Browsetype,399.31
Garlic Naan Bread,Browsezoom,841.14
Lightweight Backpacking Tent,Mydeo,841.92
Fried Rice,Meeveo,695.34
Fitbit Activity Tracker,Twitterwire,719.66
Almond Flour Brownies,Fiveclub,467.67
Flavored Rice Cakes,Tazzy,68.34
Beef Taco Skillet,Jayo,605.47
Almond Flour Bread Mix,Dabshots,790.75
Chicken Salad Kit,Edgepulse,544.21
Laptop Sleeve,Youspan,919.54
Puzzle,Dabshots,873.59
Home Brewing Starter Kit,Thoughtblab,977.53
Potato Wedge Seasoning,Yozio,824.3
Kids' Learning Tablet,Skyndu,656.45
Ice Cube Tray with Lid,Yodel,683.08
Almond Joy Snack Bars,Trupe,140.16
Pumpkin Spice Creamer,Trudoo,663.98
Photo Album,Tagcat,884.45
Chicken Broth,Skippad,789.39
Pet Travel Bed,Tavu,61.1
Granulated Sugar,Brightbean,530.2
Low-Fat Yogurt,Twiyo,489.2
Herbal Tea Infuser,Jabbersphere,8.56
Lentils,Photobug,511.34
Reflective Safety Vest,Twitterwire,132.27
Pet First Aid Kit,Twitterbeat,466.07
Pasta Sauce Mix,Oba,709.69
Smartphone Hand Grip,Viva,589.82
Portable Solar Path Lights,Jaxworks,691.38
Roasted Red Pepper Dip,Skiptube,507.91
Training Soccer Ball,Livetube,528.67
Cinnamon Spiced Almonds,Jabbertype,588.29
Air Fryer Oven,Viva,708.87
Honey Roasted Chickpeas,Trunyx,249.13
Chocolate Chip Energy Balls,Chatterbridge,738.1
Outdoor Sports Backpack,Thoughtstorm,231.21
Puffed Rice Cake,Wordware,83.43
Classic Black Trousers,Quaxo,750.99
Car Vacuum Cleaner,Tanoodle,162.88
Corn Tortillas,Pixope,165.1
Paint By Numbers Kit,Quinu,249.25
Smart Plug,Voonder,249.65
Reflective Safety Vest,Feedfish,424.77
Hot Salsa,Centimia,299.38
Emergency Preparedness Kit,Skibox,431.54
Digital Stopwatch Timer,Vidoo,19.35
Camping Lantern,Realcube,301.98
Kids' Building Blocks,Janyx,749.39
Coconut Cream Pie Mix,Nlounge,985.23
Suction Cup Hooks,Miboo,676.02
Mashed Sweet Potatoes,Twinder,866.59
Organic Brown Sugar,Photofeed,63.88
Frozen Chicken Nuggets,Mydeo,260.49
Apple Cinnamon Breakfast Muffins,Realbridge,489.21
LED Flashing Pet Collar,Skinder,99.6
Cocoa Powder,Twimm,283.09
Travel Makeup Organizer,Gabspot,122.74
Garden Vegetable Soup,Bubblebox,280.08
Herbal Tea Variety Pack,Livetube,34.22
Pet Safety Belt for Car,Vinder,56.95
Garden Hose,Youopia,107.77
Organic Coconut Yogurt,Feedmix,335.89
Whipped Cream Cheese,Skibox,938.45
Customizable Wall Calendar,Brightdog,920.6
Electronic Drum Kit,Zoomzone,856.58
Bamboo Memory Foam Pillow,Jetpulse,500.7
Baked Falafel Balls,Mydeo,191.2
Spicy BBQ Sauce,Nlounge,874.16
Classic Vanilla Fudge,BlogXS,728.98
Compact Dishwasher,Blogtag,468.63
A-Line Skirt,Devpulse,24.15
Non-Slip Yoga Socks,Topicstorm,921.82
Weighted Blanket for Adults,Dynava,336.05
Fire Roasted Salsa,Voonder,641.29
Yoga Blocks,Quimm,63.37
Popcorn Chicken,Skivee,685.87
Fettuccine Alfredo Dinner Kit,Yodo,925.56
Fleece Hoodie,Tekfly,219.4
Cooking Utensil Set,Fliptune,162.75
Portable Air Conditioner,Brainlounge,165.98
Vegan Mac & Cheese,Photofeed,110.02
Vegetable Chips,Yakijo,883.12
Lemon Lime Sparkling Water,Gabspot,403.11
Robot Vacuum Cleaner,Buzzster,785.99
Snap-On Tupperware Set,Wordtune,485.05
Puff Pastry,Demimbu,962.8
Peach Halves (canned),Skinte,191.72
Dog Collar,Yodoo,372.98
Beef Chili,Skyba,39.07
Car Windshield Sun Shade,Pixope,188.41
Fitness Tracker Watch,Twitterwire,847.49
Floral Wrap Top,Skilith,882.93
Infrared Thermometer Gun,Jabbertype,628.68
Cotton Quilted Throw Blanket,Buzzdog,117.63
Pet Nail Clipper,Trilith,879.32
Multi-Function Smartphone Holder,Kanoodle,269.67
Chipotle Seasoning Blend,Jabberstorm,870.84
Sweet Potatoes,Tekfly,725.71
High-Quality Yoga Mat,Wikivu,379.01
Blueberry Muffin Mix,Babblestorm,774.24
Jennifer's Amazing Lip Balm Kit,Flashspan,414.68
Ranch Dressing,Yambee,873.16
Reusable Produce Bags Set,Podcat,141.83
Coconut Water,Meemm,67.18
Organic Coconut Water,Buzzbean,282.23
Portable Massage Table,Voonder,748.74
Turmeric Ginger Tea,Photobean,353.58
Wooden Kitchen Utensil Set,Eayo,602.34
Wall Decals for Kids,Realblab,666.02
Portable Blender,Avamba,532.12
Chili Lime Seasoning,Photobean,348.31
Asian Stir-Fry Kit,Twitterworks,868.9
Electric Opener for Jars and Bottles,Voomm,285.14
Handheld Vacuum,Realmix,314.83
Legging Pants,Flipstorm,362.63
Shredded Cheese,Pixope,11.13
Jigsaw Puzzle,Gabcube,200.97
Baked Falafel,Topicblab,540.02
Smart Plant Monitor,Voonyx,627.88
Casual Sneakers,Lajo,969.44
Classic Slim Fit Shirt,Yamia,754.91
LED Flashlight with Rechargeable Batteries,Bubblemix,951.72
Roasted Garlic Mashed Potatoes,Flashspan,971.02
Almond Butter,Browsedrive,355.81
Basmati Rice,Realcube,758.4
LED Flashlight with Rechargeable Batteries,Oyope,91.82
Reusable Coffee Filter,JumpXS,606.86
Weighted Jump Rope,Yamia,397.95
Hand Mixer,Photobug,943.64
Roasted Garlic Aioli,Edgeclub,609.52
Dark Chocolate Covered Almonds,Katz,517.61
Digital Food Scale,Topicshots,1.48
Camera Tripod,Zoonoodle,188.79
Roasted Red Pepper Hummus,Zoonoodle,617.13
Customizable Photo Calendar,Kaymbo,792.61
Savory Trail Mix,Eidel,320.03
Cheesy Cauliflower Bake,Thoughtmix,120.38
Artisan Bread Loaf,Trupe,953.41
Raspberry Lemonade Mix,Aimbo,971.71
Grass Fed Beef Patties,Fivebridge,739.64
USB Flash Drive,Brainsphere,148.29
Kitchen Scale,Feednation,264.48
Self-Inflating Camping Mattress,Aimbo,500.63
Vegan Chocolate Cake Mix,Minyx,342.08
Sweet Pea Hummus,Muxo,706.73
Roasted Garlic,Twinder,492.75
Sliced Ham,Livefish,978.49
Portable Air Purifier,Kare,156.76
Infrared Thermometer,Skibox,505.55
Multi-Purpose Plant Care Tool,Jaxworks,975.68
Crew Neck Sweater,Oba,774.77
Chiffon Blouse,Shufflester,82.64
Savory Oats,Mudo,224.93
Garlic Parmesan Roasted Potatoes,Quamba,918.57
Faux Fur Coat,Innojam,911.72
Legging Pants,Skinix,359.21
Mixed Berry Smoothie Pack,Skilith,311.23
Buttermilk Pancakes,Quimba,624.47
Dog Training Whistle,Fliptune,50.36
Kettle Corn Popcorn,Yacero,795.82
V-Neck Sweater,Zoomzone,788.57
Adjustable Laptop Desk,Browsetype,484.53
Organic Fruit Salad,Zoombox,681.39
Sweet Chili Dipping Sauce,Brightbean,723.8
Smartphone Holder for Car,Jaxbean,43.34
Over-the-Door Hooks,Lajo,423.08
Vintage Graphic Tee,Pixope,727.43
Cinnamon Sugar Popcorn,Meemm,762.36
Italian Sausage and Peppers,Meetz,437.74
Scented Soy Candles,Photojam,734.55
Spinach Artichoke Dip,Jaxspan,630.06
Fridge Magnet Set,Brainbox,525.93
Silicone Ice Cube Tray,Mycat,107.55
Electric Bike,Pixope,352.68
Miso Soup Mix,Jaxnation,244.43
Cocktail Shaker and Mixing Glass Set,Shufflebeat,661.41
Self-Massaging Pillow,Jabbercube,544.94
Cucumber Relish,Trilia,80.77
Maple Cinnamon Granola Bars,Jayo,763.27
Ethical Wool Scarf,Tekfly,783.81
Sketchbook,Feednation,780.88
Mini Waffle Maker,Mynte,379.06
Magnetic Screen Door,Brightbean,997.07
Spinach and Feta Stuffed Chicken Breast,Youbridge,314.72
Hair Dryer,Tekfly,617.94
Peanut Butter Chocolate Chip Bars,Kimia,426.05
Customizable Wall Calendar,Dabjam,760.07
Portable Bluetooth Keyboard,Gevee,373.22
Cranberry Citrus Sauce,Centimia,263.79
Canvas Tote Bag,Browseblab,234.07
Non-Stick Grill Pan,Izio,463.01
Spinach and Feta Wraps,Jayo,61.14
Jump Rope with Counter,Skiba,841.91
Smart Light Bulbs,Buzzdog,833.58
Chili Lime Corn Chips,Fivespan,417.99
Sea Salt Caramel Popcorn,Voonte,767.06
Electrolyte Water Bottle,BlogXS,26.0
Peanut Butter Protein Balls,Oyonder,416.41
Sweet Pea Hummus,Feedfish,329.4
Decorative Throw Pillows,Zoomzone,227.59
Digital Photo Frame,Ozu,485.87
Multi-Port USB Hub,Jaloo,94.63
Portable Bluetooth Headphones,Plajo,281.97
Compact Hair Dryer,Jetpulse,328.56
Banana Peanut Butter Smoothie,Meejo,35.12
Organic Tomato Ketchup,Vipe,82.71
Travel Mug with Leak-Proof Lid,Eayo,876.08
Electric Screwdriver,Myworks,901.02
Himalayan Pink Salt,Pixonyx,911.96
Coconut Cream,Twitternation,967.37
Telescope,Twitterbeat,474.04
Lightweight Rain Jacket,Jaloo,473.48
Classic Leather Wallet,Katz,226.98
Organic Coconut Oil,Divanoodle,288.42
Fitness Mat,Rooxo,695.39
Portable Bluetooth Keyboard,Dazzlesphere,156.78
High-Quality Yoga Block,Rhyloo,763.13
Memory Foam Mattress Pad,Dabtype,2.93
Cheddar & Bacon Potato Skins,Jaxworks,436.18
Sweet Potato Tots,Babblestorm,667.1
Kombucha Drink,Flipstorm,382.71
Fire Roasted Salsa,Quire,250.34
Jigsaw Puzzle,Oyondu,822.64
Hydration Backpack,Thoughtblab,176.52
Almond Coconut Granola,Youopia,955.18
Almond Butter,Innotype,622.8
Oven-Baked Cheese Crisps,Thoughtbeat,578.12
Pumpkin Spice Pancake Mix,Kazio,535.34
Gardening Gloves with Claws,Kimia,7.42
Fruit and Nut Energy Bites,Kamba,41.03
Baked Falafel Balls,Geba,817.12
Kids' Gardening Kit,Jabbertype,912.26
Fridge Magnet Set,Wikido,164.37
Crispy Potato Tots,Realbuzz,547.59
Almond Flour Pizza Crust,Fivespan,895.22
Peach Slices in Syrup,Kwideo,663.04
Handmade Soap Making Kit,Brightbean,191.4
Noise Reduction Headphones,Katz,251.43
Cabbage,Trudeo,700.85
Smartwatch,Zoombeat,781.92
Portable Bluetooth Speaker,Babbleset,473.45
Basil Pesto Pasta,Bluezoom,937.13
Essential Oil Diffuser,Jaloo,591.63
Carrot and Celery Sticks,Yakidoo,898.75
Portable Projector,Eamia,856.18
Mixed Nuts,Tambee,321.54
Set of Herb Garden Markers,Oyonder,169.49
Leather Notebook Cover,Fanoodle,958.54
Dog Training Whistle,Kazio,51.44
Classic Pesto Sauce,Meevee,154.56
Chickpea Pasta,Gigazoom,8.65
Coconut Macaroons,Skilith,228.77
Cacao Powder,Kwimbee,951.84
Cheddar & Bacon Potato Skins,Edgeify,134.64
Artisan Bread Loaf,Divanoodle,172.78
Classic Leather Wallet,Kazio,283.82
Almond Flour Biscuits,Minyx,756.92
Chocolate Peanut Butter Cups,Brainverse,556.8
Pineapple Coconut Rice Mix,Photospace,884.13
Camera Tripod,Twinder,487.33
Smart Thermostat with Wi-Fi,Eamia,448.45
Kale Chips,Aivee,594.23
Asian Noodle Salad Kit,Feedfish,949.74
Cinnamon Raisin Bread,BlogXS,72.85
Self-Inflating Camping Mattress,Flipopia,125.61
Fresh Strawberries,Skalith,303.67
Cranberry Juice,Brightbean,772.08
Spicy Roasted Nuts,Jabbertype,708.5
Vegetable Medley,Yombu,491.34
Decorative LED Neon Sign,Realbuzz,363.16
Tomato Basil Soup,Twimbo,175.56
Craft Beer Mustard,Podcat,206.6
Ultraviolet Phone Sanitizer,Devcast,4.19
Mini Cordless Vacuum Cleaner,Zoonoodle,319.89
Dark Chocolate Bars,Photojam,451.63
Fettuccine Alfredo Dinner Kit,Livepath,67.32
Coconut Almond Granola,Bubblebox,294.83
Travel Size Toiletry Bottles,Rhynoodle,355.14
Collapsible Water Bottle,Twitternation,328.63
Outdoor Camping Hammock,Jaloo,510.7
Frozen Acai Bowl,Meevee,781.16
Cinnamon Apple Sauce,Demizz,324.06
Pineapple Coconut Yogurt,Oodoo,691.03
Garden Hoses with Expandable Features,Oodoo,830.62
